ID,Name,PhotoUrl
527293031,Victor Burton,https://randomuser.me/api/portraits/men/98.jpg
327853420,Cameron Fletcher,https://randomuser.me/api/portraits/men/59.jpg
144952242,Kitty Owens,https://randomuser.me/api/portraits/women/42.jpg
553389933,Robin Pierce,https://randomuser.me/api/portraits/women/42.jpg
880538334,Sara Nichols,https://randomuser.me/api/portraits/women/42.jpg
180736309,Leroy Carr,https://randomuser.me/api/portraits/men/8.jpg
135593333,Milton Carroll,https://randomuser.me/api/portraits/men/92.jpg
680575224,Earl Hunt,https://randomuser.me/api/portraits/men/59.jpg
414321956,Brandie Peters,https://randomuser.me/api/portraits/women/47.jpg
285673405,Sophia Hill,https://randomuser.me/api/portraits/women/3.jpg
